id,name,email,gender,serviceLevel,phoneno
1,Arlee Itscowicz,aitscowicz0@miibeian.gov.cn,Genderqueer,3,5512119282
2,Leonelle Goathrop,lgoathrop1@mysql.com,Non-binary,2,7544119554
3,Clarita Maginot,cmaginot2@businessweek.com,Agender,1,7752704199
4,Mirelle Grolle,mgrolle3@bigcartel.com,Bigender,3,8091974091
5,Tremaine Drake,tdrake4@ox.ac.uk,Bigender,2,2109772552
6,Biddy Geffen,bgeffen5@walmart.com,Polygender,3,4861943775
7,Cornall Gotmann,cgotmann6@ucoz.com,Genderqueer,2,7896492170
8,Allyce Stockell,astockell7@a8.net,Non-binary,2,5722647554
9,Alessandro Tourmell,atourmell8@dell.com,Non-binary,1,1824002203
10,Tandi Eadie,teadie9@imageshack.us,Agender,1,2984515015
11,Jasmine Vasyunin,jvasyunina@dot.gov,Female,1,6196656851
12,Ruprecht Teggin,rtegginb@mapquest.com,Agender,2,7855359244
13,Gussi Maken,gmakenc@europa.eu,Polygender,1,6236770586
14,Geralda Dawnay,gdawnayd@eventbrite.com,Bigender,2,3081825390
15,Elane Scowen,escowene@shop-pro.jp,Genderfluid,3,5263067590
16,Christel Mars,cmarsf@cdbaby.com,Agender,2,9853836451
17,Anna Dulanty,adulantyg@uiuc.edu,Agender,1,2888663021
18,Kathrine Keary,kkearyh@t.co,Bigender,2,8208299875
19,Hendrick Collete,hcolletei@google.com.au,Agender,2,6949777008
20,Ladonna Broome,lbroomej@imdb.com,Male,2,9065928285
21,Bobbette Sommerland,bsommerlandk@wired.com,Male,2,8112290056
22,Penn Mongin,pmonginl@pen.io,Agender,2,8235179824
23,Idalia Hinners,ihinnersm@weather.com,Genderfluid,2,8796443399
24,Sly MacPeice,smacpeicen@reverbnation.com,Genderqueer,1,4559228886
25,Nathan Lapthorne,nlapthorneo@shinystat.com,Bigender,1,7342276167
26,Brietta Zamora,bzamorap@upenn.edu,Male,2,8588358097
27,Lanny Clausius,lclausiusq@google.com.br,Genderfluid,1,6135532750
28,Ailina Warriner,awarrinerr@hc360.com,Male,3,9195583565
29,Aliza Gerson,agersons@tmall.com,Male,1,9115147184
30,Arne Dalla,adallat@nih.gov,Non-binary,3,8773360831
31,Corine Presley,cpresleyu@instagram.com,Female,3,1954905858
32,Cletis Henstone,chenstonev@icq.com,Bigender,1,2962479434
33,Dyanne M'cowis,dmcowisw@digg.com,Non-binary,3,2872658595
34,Ernestine Gorman,egormanx@uiuc.edu,Bigender,2,8811059154
35,Brittan Sisse,bsissey@cafepress.com,Agender,3,9504408452
36,Rozalin Hargie,rhargiez@t-online.de,Polygender,2,3644735497
37,Amble Lock,alock10@arizona.edu,Female,1,7483014937
38,Crawford Fateley,cfateley11@gov.uk,Genderfluid,2,1201745467
39,Gan Kleinstein,gkleinstein12@ftc.gov,Genderqueer,2,8613238723
40,Bayard Sprott,bsprott13@rediff.com,Polygender,1,4738873344
41,Hollis Duddle,hduddle14@opera.com,Female,2,5983796124
42,Erina Keeley,ekeeley15@weather.com,Agender,2,9059565797
43,Agnesse Laffoley-Lane,alaffoleylane16@ihg.com,Genderfluid,1,9743495086
44,Michail Leagas,mleagas17@xing.com,Agender,3,4154947517
45,Stace Berriman,sberriman18@nymag.com,Bigender,1,5467735972
46,Mattias Moncrefe,mmoncrefe19@bbb.org,Polygender,3,3265855405
47,Phedra Kennion,pkennion1a@gmpg.org,Non-binary,1,5612741920
48,Edith Jacobowits,ejacobowits1b@exblog.jp,Female,1,1431081331
49,Pierson Morch,pmorch1c@chron.com,Female,1,9794065421
50,Mildred Gwinnett,mgwinnett1d@google.com,Non-binary,1,5318852755
51,Karlyn Storey,kstorey1e@blogger.com,Genderqueer,2,8062186269
52,Jilli Charlick,jcharlick1f@shinystat.com,Agender,1,5353036403
53,Florina Guillem,fguillem1g@vk.com,Agender,3,8193927109
54,Camella Querrard,cquerrard1h@unesco.org,Non-binary,2,9396626164
55,Emiline Rowlinson,erowlinson1i@gnu.org,Genderqueer,3,8648282247
56,Linette Dicty,ldicty1j@storify.com,Male,3,2597045647
57,Adena Brooke,abrooke1k@amazon.co.jp,Agender,2,5553424015
58,Kare Szach,kszach1l@plala.or.jp,Bigender,3,1113190140
59,Sashenka Peirpoint,speirpoint1m@wiley.com,Bigender,3,3392650096
60,Rand Cadore,rcadore1n@pen.io,Genderqueer,3,8748111057
61,Charisse Kolak,ckolak1o@prnewswire.com,Genderqueer,3,2204455629
62,Gilbertina Puleston,gpuleston1p@de.vu,Female,1,6993200984
63,Rycca Jacqueme,rjacqueme1q@scribd.com,Non-binary,3,2925504732
64,Gilemette Smewings,gsmewings1r@infoseek.co.jp,Genderfluid,2,1228039892
65,Jessica Koppke,jkoppke1s@wunderground.com,Female,3,2562154043
66,Sigmund Marcone,smarcone1t@elegantthemes.com,Polygender,1,3427099678
67,Edna Ower,eower1u@gnu.org,Bigender,1,5782466175
68,Corney Frany,cfrany1v@wunderground.com,Polygender,3,8048078160
69,Louisette Lockhead,llockhead1w@4shared.com,Non-binary,2,2148304992
70,Josie Roubay,jroubay1x@newsvine.com,Polygender,1,6721504292
71,Portia Kidner,pkidner1y@whitehouse.gov,Polygender,1,1118571118
72,Vinnie Dunridge,vdunridge1z@google.pl,Polygender,3,6551329584
73,Thibaut Leavesley,tleavesley20@adobe.com,Agender,3,3851307119
74,Helen Krikorian,hkrikorian21@wufoo.com,Polygender,2,9871411240
75,Bayard Colly,bcolly22@bing.com,Bigender,1,5812905129
76,Bastien Bellas,bbellas23@nasa.gov,Non-binary,1,3144927982
77,Les Womack,lwomack24@princeton.edu,Bigender,1,9142149542
78,Corny Zanicchelli,czanicchelli25@nytimes.com,Genderfluid,1,9601310090
79,Piotr Bottby,pbottby26@telegraph.co.uk,Female,2,7586515173
80,Tatum Paulitschke,tpaulitschke27@blogs.com,Male,1,7251743906
81,Lenard Skyner,lskyner28@bravesites.com,Non-binary,1,6032760411
82,Robin Hasely,rhasely29@csmonitor.com,Male,2,8526143474
83,Ogden Stockford,ostockford2a@about.com,Bigender,3,6114179294
84,Bobine Fumagall,bfumagall2b@youku.com,Genderfluid,3,6283312461
85,Tess Jandak,tjandak2c@nytimes.com,Female,3,8037685265
86,Richy Yea,ryea2d@flickr.com,Male,3,4806665641
87,Harlie Stump,hstump2e@shinystat.com,Female,1,5854599866
88,Josias Veljes,jveljes2f@ihg.com,Polygender,3,1612966100
89,Hedvige Jossel,hjossel2g@cisco.com,Bigender,1,2051153619
90,Kitti McPhail,kmcphail2h@seattletimes.com,Agender,1,2034204322
91,Benedikta Brisse,bbrisse2i@ovh.net,Genderfluid,3,9974031588
92,Dodi Piet,dpiet2j@xing.com,Genderqueer,2,5162298580
93,Yule Luxmoore,yluxmoore2k@hp.com,Agender,1,6154326447
94,Garrik Steen,gsteen2l@woothemes.com,Male,3,8675765919
95,Drucy Nanuccioi,dnanuccioi2m@ycombinator.com,Polygender,2,9743411319
96,Corinne Macconachy,cmacconachy2n@howstuffworks.com,Genderqueer,1,7499108427
97,Devan Donnersberg,ddonnersberg2o@bbb.org,Genderfluid,1,4187369093
98,Rhiamon Surfleet,rsurfleet2p@timesonline.co.uk,Female,2,4837490692
99,Silvana Sydenham,ssydenham2q@soup.io,Polygender,2,9195433197
100,Florentia Corneliussen,fcorneliussen2r@google.com,Male,3,9286996366
101,Michaelina Goldthorp,mgoldthorp2s@indiegogo.com,Bigender,1,4466987295
102,Dale Tows,dtows2t@chronoengine.com,Agender,3,8018928975
103,Rowney Massard,rmassard2u@fastcompany.com,Genderfluid,3,4117808514
104,Marjy Willbourne,mwillbourne2v@tiny.cc,Genderqueer,1,3427880857
105,Demott Stove,dstove2w@bing.com,Genderqueer,2,2179430896
106,Bogey Pickwell,bpickwell2x@tiny.cc,Bigender,3,9738955622
107,Charisse Leddy,cleddy2y@sciencedaily.com,Bigender,1,9377532338
108,Terrence Wordsley,twordsley2z@statcounter.com,Bigender,3,9706086961
109,Romeo Veschambre,rveschambre30@marriott.com,Polygender,2,1402366691
110,Cecilia Shiell,cshiell31@epa.gov,Genderqueer,3,8167225201
111,Jammal Sproul,jsproul32@drupal.org,Genderqueer,2,8904857505
112,Dalton Grioli,dgrioli33@yelp.com,Female,3,2399929504
113,Rebekkah Jedras,rjedras34@vistaprint.com,Genderfluid,3,4859740561
114,Savina Olczyk,solczyk35@yandex.ru,Male,3,5076236692
115,Wallie Wrettum,wwrettum36@scribd.com,Non-binary,3,1263333422
116,Flynn Jakoubek,fjakoubek37@cafepress.com,Genderqueer,3,9025652992
117,Webb Rice,wrice38@flavors.me,Bigender,2,8135504926
118,Constantine McGonagle,cmcgonagle39@msu.edu,Polygender,2,3287100618
119,Norry Kynton,nkynton3a@irs.gov,Non-binary,3,9624052777
120,Wilona Avery,wavery3b@time.com,Bigender,3,1533349249
121,Adolf Falkingham,afalkingham3c@amazon.co.uk,Polygender,1,5667090593
122,Carissa Piddlesden,cpiddlesden3d@ihg.com,Agender,3,5465178774
123,Gunar Pycock,gpycock3e@engadget.com,Bigender,1,1289260698
124,Mattias Griffiths,mgriffiths3f@freewebs.com,Agender,1,6592465711
125,Cody Peres,cperes3g@state.tx.us,Non-binary,3,1245009347
126,Sam Tevelov,stevelov3h@vkontakte.ru,Bigender,3,1414298506
127,Marysa Fetters,mfetters3i@statcounter.com,Genderqueer,2,8754069790
128,Ernesto Vynarde,evynarde3j@wikispaces.com,Agender,1,8021844375
129,Nat Sicha,nsicha3k@upenn.edu,Bigender,2,1434225426
130,Quintana Kibbey,qkibbey3l@who.int,Genderqueer,3,3359931535
131,Arel Vassano,avassano3m@storify.com,Male,1,4611349593
132,Cyndi Kitter,ckitter3n@answers.com,Agender,3,6479305444
133,Fitz Hartland,fhartland3o@printfriendly.com,Genderfluid,1,3088008024
134,Ketti Batalle,kbatalle3p@studiopress.com,Female,1,9296321333
135,Fayth Durker,fdurker3q@multiply.com,Genderqueer,3,2817304274
136,Olwen Spottswood,ospottswood3r@lycos.com,Agender,3,3288652305
137,Cozmo Lemm,clemm3s@illinois.edu,Genderfluid,2,7212519748
138,Thaine Mintram,tmintram3t@psu.edu,Genderqueer,2,4161523564
139,Ina Vasentsov,ivasentsov3u@ted.com,Genderqueer,3,5532951529
140,Lock Tampen,ltampen3v@cisco.com,Non-binary,3,9617643956
141,Jacinta Oiller,joiller3w@photobucket.com,Female,3,5738007563
142,Armin Ferrao,aferrao3x@marketwatch.com,Non-binary,3,6728490196
143,Abie Scrimgeour,ascrimgeour3y@rediff.com,Non-binary,1,2746810455
144,Maire Slyme,mslyme3z@reddit.com,Agender,3,3863259095
145,Ronnica Cassedy,rcassedy40@godaddy.com,Bigender,1,6047200632
146,Aldis Kurton,akurton41@indiegogo.com,Agender,1,2516223097
147,Iver Leemans,ileemans42@army.mil,Non-binary,1,1805694983
148,Harley Burcombe,hburcombe43@netlog.com,Genderqueer,1,9387497450
149,Jessalyn Gowdie,jgowdie44@timesonline.co.uk,Genderqueer,2,4736723663
150,Farley Woodrow,fwoodrow45@woothemes.com,Genderqueer,1,8514341804
151,Dulci Rogez,drogez46@examiner.com,Polygender,1,8305385137
152,Marcy Greystoke,mgreystoke47@dedecms.com,Genderfluid,1,7484805756
153,Dominga Gellier,dgellier48@nationalgeographic.com,Bigender,1,3748390574
154,Raymond Beranek,rberanek49@hatena.ne.jp,Female,3,7526336805
155,Zena Alcott,zalcott4a@mayoclinic.com,Genderfluid,2,9327591423
156,Nonnah Tristram,ntristram4b@tripod.com,Agender,2,1223268925
157,Gavin Skuce,gskuce4c@state.tx.us,Genderfluid,1,9234007250
158,Teresa Urridge,turridge4d@usatoday.com,Bigender,2,6176149693
159,Briney Crangle,bcrangle4e@huffingtonpost.com,Genderfluid,3,9859987100
160,Silvie Girone,sgirone4f@theguardian.com,Polygender,1,8361646608
161,Waiter Habercham,whabercham4g@list-manage.com,Non-binary,3,8042703210
162,Filmer Levi,flevi4h@ask.com,Agender,3,7223601203
163,Blondell McEntagart,bmcentagart4i@columbia.edu,Agender,3,5824061565
164,Mikel Brunner,mbrunner4j@hexun.com,Female,2,3842428049
165,Lonnard Fettiplace,lfettiplace4k@liveinternet.ru,Genderqueer,1,9409358389
166,Carr Simoens,csimoens4l@google.pl,Non-binary,2,2459472137
167,Aron Nelsen,anelsen4m@cisco.com,Male,3,4007460457
168,Brad Mullin,bmullin4n@yellowpages.com,Bigender,1,9585604914
169,Bathsheba Ambrodi,bambrodi4o@people.com.cn,Male,3,4109693155
170,Bear Batstone,bbatstone4p@flickr.com,Genderqueer,2,9173932871
171,Gery Guerreiro,gguerreiro4q@biglobe.ne.jp,Male,1,8212808877
172,Frasquito Aickin,faickin4r@latimes.com,Non-binary,2,3571520859
173,Elsie Vellden,evellden4s@mapquest.com,Agender,1,2239591582
174,Marieann Whordley,mwhordley4t@google.es,Bigender,1,7136926569
175,Bart Dendon,bdendon4u@technorati.com,Genderqueer,3,1159953185
176,Jania Andriolli,jandriolli4v@tinyurl.com,Male,3,8827464973
177,Ash Brosnan,abrosnan4w@gizmodo.com,Bigender,1,2758051137
178,Yurik Clancey,yclancey4x@newyorker.com,Polygender,1,1511184928
179,Micheil Jarville,mjarville4y@aol.com,Non-binary,1,1908015098
180,Emilio Grayer,egrayer4z@cam.ac.uk,Female,1,5619532788
181,De witt Monkley,dwitt50@uiuc.edu,Polygender,2,1701639340
182,Rickard Van Arsdall,rvan51@cam.ac.uk,Genderqueer,2,5143861897
183,Simmonds Drohan,sdrohan52@nationalgeographic.com,Male,3,6347198543
184,Kippar Hugnet,khugnet53@weibo.com,Bigender,2,9026139552
185,Rex Baynard,rbaynard54@patch.com,Genderfluid,1,7131672076
186,Georgianna Gent,ggent55@gmpg.org,Polygender,1,2006256254
187,Alex Verheyden,averheyden56@netscape.com,Polygender,3,2892481706
188,Fred Sabbatier,fsabbatier57@apple.com,Female,1,7742711244
189,Shayna Cheater,scheater58@istockphoto.com,Agender,2,3257083224
190,Lorine Minot,lminot59@cbc.ca,Genderqueer,2,3219172509
191,Monika Cockerton,mcockerton5a@yolasite.com,Genderfluid,3,6741969415
192,Dominick Gricewood,dgricewood5b@wix.com,Bigender,2,6033849520
193,Bette-ann Rowlson,browlson5c@rambler.ru,Non-binary,3,5835993411
194,Liliane Copo,lcopo5d@macromedia.com,Bigender,1,5751475315
195,Thoma Scala,tscala5e@dailymail.co.uk,Agender,1,4757062044
196,Lesya Knapper,lknapper5f@soup.io,Bigender,2,3809814294
197,Malia Garlick,mgarlick5g@nsw.gov.au,Genderfluid,2,7466509407
198,Lisa Saunper,lsaunper5h@admin.ch,Male,1,8282669598
199,Anneliese Baldocci,abaldocci5i@themeforest.net,Non-binary,2,4644326503
200,Dela Ferrara,dferrara5j@mtv.com,Genderfluid,3,8209350736
201,Nye Furst,nfurst5k@va.gov,Genderfluid,2,6904617023
202,Bentlee Rubenczyk,brubenczyk5l@bing.com,Male,3,8637819267
203,Georgina Bavage,gbavage5m@nasa.gov,Agender,2,4034287689
204,Robinette Baudichon,rbaudichon5n@opera.com,Genderfluid,3,2177643303
205,Wren Filkov,wfilkov5o@yahoo.com,Genderfluid,3,4435896235
206,Paquito Larkin,plarkin5p@wikimedia.org,Non-binary,1,6681810720
207,Hannie Medhurst,hmedhurst5q@cnet.com,Genderfluid,3,3796575368
208,Catlin Kesby,ckesby5r@dailymotion.com,Agender,3,9089715995
209,Craig MacFarlane,cmacfarlane5s@skyrock.com,Bigender,3,2809306902
210,Kippy Stealey,kstealey5t@com.com,Genderfluid,3,9577267263
211,Jerry O'Shee,joshee5u@irs.gov,Agender,2,2978326368
212,Melosa Ladon,mladon5v@springer.com,Polygender,2,1521791237
213,Dulcinea Fischer,dfischer5w@wp.com,Agender,2,8585820341
214,Loree Bartle,lbartle5x@friendfeed.com,Non-binary,3,1648986664
215,Micky Waind,mwaind5y@amazon.co.jp,Genderqueer,3,3587575613
216,Amory Tordiffe,atordiffe5z@craigslist.org,Genderfluid,2,1702049836
217,Rad Boynton,rboynton60@dell.com,Non-binary,3,9801637682
218,Piper Zettler,pzettler61@census.gov,Female,3,9283212129
219,Rolph Fretwell,rfretwell62@linkedin.com,Non-binary,1,1944044675
220,Kirsteni Scardefield,kscardefield63@liveinternet.ru,Polygender,3,9762146591
221,Skyler Gisbye,sgisbye64@hugedomains.com,Bigender,3,3729447373
222,Roseanne Nyssens,rnyssens65@dedecms.com,Male,3,4227234488
223,Zonda Oswal,zoswal66@google.de,Genderqueer,1,7876262112
224,Barbara Adamson,badamson67@ocn.ne.jp,Non-binary,3,6554447101
225,Janela Dommett,jdommett68@wp.com,Agender,2,5174980791
226,Denney Carlow,dcarlow69@mashable.com,Female,3,7978959008
227,Hal Penner,hpenner6a@tripod.com,Non-binary,1,2069055091
228,Mari Anmore,manmore6b@pcworld.com,Non-binary,3,8508006720
229,Barbey Dowsing,bdowsing6c@stumbleupon.com,Genderfluid,3,1858205110
230,Augusto Islip,aislip6d@squidoo.com,Polygender,3,3106469062
231,Charla Paulucci,cpaulucci6e@chron.com,Agender,3,1111881584
232,Helena Cartlidge,hcartlidge6f@yolasite.com,Genderqueer,1,2353588054
233,Tove Laidel,tlaidel6g@oakley.com,Genderqueer,1,6481849902
234,Clarey Postians,cpostians6h@cmu.edu,Genderfluid,3,4363750168
235,Kahlil Flude,kflude6i@github.com,Agender,1,1006076363
236,Shandee Ellph,sellph6j@wikispaces.com,Genderqueer,3,8326671671
237,Elia Galia,egalia6k@blogger.com,Bigender,3,1121949224
238,Rochette Garlinge,rgarlinge6l@ask.com,Genderfluid,1,1747548059
239,Kaile McMarquis,kmcmarquis6m@pcworld.com,Bigender,2,3426471869
240,Datha Addeycott,daddeycott6n@altervista.org,Genderqueer,1,5476691036
241,Cassandre Kikke,ckikke6o@shareasale.com,Genderfluid,3,3404213247
242,Verney Marquis,vmarquis6p@1688.com,Genderqueer,2,4169101071
243,Bethanne O'Kielt,bokielt6q@jugem.jp,Female,1,1987674611
244,Camellia Densey,cdensey6r@so-net.ne.jp,Agender,2,9106575340
245,Daphna Rosengart,drosengart6s@ebay.com,Male,3,4268708078
246,Natalee L'argent,nlargent6t@nih.gov,Female,2,9335976276
247,Sallee Pilgram,spilgram6u@shutterfly.com,Agender,3,6242772292
248,Kitti Rouge,krouge6v@weibo.com,Agender,1,4267569780
249,Marcello Tomczykiewicz,mtomczykiewicz6w@trellian.com,Genderqueer,2,7208692540
250,Lyell Martelet,lmartelet6x@gizmodo.com,Agender,2,4131822819
251,Zolly Sherbourne,zsherbourne6y@usnews.com,Male,1,5226910312
252,Cole Claridge,cclaridge6z@mac.com,Polygender,2,7774667978
253,Fairleigh Obern,fobern70@adobe.com,Non-binary,1,5849856651
254,Norman Choffin,nchoffin71@drupal.org,Male,3,6599160678
255,Arlin Taffe,ataffe72@istockphoto.com,Genderqueer,1,4639133715
256,Margeaux Caseley,mcaseley73@businessweek.com,Genderqueer,1,9011651753
257,Alvie Castiglio,acastiglio74@parallels.com,Agender,3,3619454463
258,Brigida Dufore,bdufore75@wisc.edu,Polygender,3,3549752026
259,Susana Bonnyson,sbonnyson76@storify.com,Female,3,6867208318
260,Philipa Cove,pcove77@istockphoto.com,Genderfluid,3,4398358933
261,Calypso Trumble,ctrumble78@trellian.com,Female,3,3729804452
262,Christabel Tolcharde,ctolcharde79@elegantthemes.com,Non-binary,3,5135110434
263,Vivianna Rives,vrives7a@com.com,Female,1,4918981204
264,Lane Kirman,lkirman7b@sbwire.com,Male,1,2593101780
265,Lauri McHenry,lmchenry7c@friendfeed.com,Agender,2,4309629679
266,Constantine Hadigate,chadigate7d@gizmodo.com,Bigender,2,9182173300
267,Frasco Behnecken,fbehnecken7e@ocn.ne.jp,Agender,1,5196308633
268,Karoline Waggett,kwaggett7f@tripadvisor.com,Non-binary,3,4408389212
269,Bessie Vesque,bvesque7g@purevolume.com,Female,1,5821692690
270,Ulrick Pietrasik,upietrasik7h@mtv.com,Agender,1,5034112334
271,Valentia Harrald,vharrald7i@storify.com,Agender,1,5051427342
272,Karlotte McKane,kmckane7j@delicious.com,Non-binary,2,8505189263
273,Ajay Burberye,aburberye7k@123-reg.co.uk,Non-binary,1,3439410251
274,Alice Balser,abalser7l@51.la,Genderqueer,2,5895670253
275,Roderick Epilet,repilet7m@nydailynews.com,Genderfluid,1,8183464864
276,Aylmar Emma,aemma7n@icio.us,Female,1,8545256607
277,Eliza Meeland,emeeland7o@plala.or.jp,Bigender,1,9462993499
278,Clarence Waberer,cwaberer7p@topsy.com,Genderqueer,3,8202186019
279,Ora Brecknell,obrecknell7q@prweb.com,Genderqueer,2,5606051416
280,Quentin Girtin,qgirtin7r@ovh.net,Non-binary,2,4335753378
281,Cassi Savery,csavery7s@hatena.ne.jp,Bigender,2,1387356091
282,Eveleen Strathern,estrathern7t@dropbox.com,Bigender,3,4664133758
283,Ulrike Tonbye,utonbye7u@mail.ru,Bigender,3,1193205372
284,Hendrick Cadalleder,hcadalleder7v@irs.gov,Genderfluid,1,4825695574
285,Jereme Sugars,jsugars7w@youtu.be,Non-binary,1,6083220217
286,Kiah Leebeter,kleebeter7x@friendfeed.com,Agender,1,8366882778
287,Kikelia Rostron,krostron7y@biblegateway.com,Genderqueer,1,4473119827
288,Boothe Sparshutt,bsparshutt7z@wp.com,Polygender,2,5498442258
289,Charlena Westby,cwestby80@msn.com,Bigender,1,9308020979
290,Sigfried Vinas,svinas81@wikispaces.com,Genderqueer,2,3657524908
291,Ardyth Ardern,aardern82@delicious.com,Agender,1,1382932394
292,Gibb Gedney,ggedney83@comsenz.com,Agender,1,1229170178
293,Drusilla Rickardsson,drickardsson84@auda.org.au,Bigender,3,4294322325
294,Paulie Cloy,pcloy85@goo.gl,Non-binary,1,1145829227
295,Klement McPhelimy,kmcphelimy86@acquirethisname.com,Female,3,1177687018
296,Malvin Carvil,mcarvil87@fda.gov,Polygender,3,4473244553
297,Shayne Stidston,sstidston88@theguardian.com,Genderfluid,1,7135764794
298,Amargo Tugwell,atugwell89@dedecms.com,Non-binary,1,1931821263
299,Kristan Lathom,klathom8a@tuttocitta.it,Genderfluid,1,4886448546
300,Iago Fransseni,ifransseni8b@unesco.org,Male,3,5041661054
301,Homerus Del Dello,hdel8c@taobao.com,Polygender,3,1143825565
302,Zilvia Davidai,zdavidai8d@joomla.org,Genderfluid,3,5427929219
303,Raynor Birwhistle,rbirwhistle8e@mapquest.com,Agender,1,5509760223
304,Ailene Borland,aborland8f@gizmodo.com,Non-binary,1,2676011206
305,Rollo Maffioni,rmaffioni8g@so-net.ne.jp,Female,2,6106814240
306,Maxim Gregore,mgregore8h@cloudflare.com,Genderfluid,3,3395960065
307,Shellie Dowe,sdowe8i@xrea.com,Bigender,3,8885352476
308,Aaron Colley,acolley8j@surveymonkey.com,Genderfluid,2,4191148974
309,Demetria Dono,ddono8k@dion.ne.jp,Agender,1,3572409316
310,Sara Denison,sdenison8l@issuu.com,Polygender,3,3409395890
311,Barris Luckwell,bluckwell8m@sciencedaily.com,Female,1,2923495178
312,Jeanelle Creboe,jcreboe8n@mediafire.com,Polygender,1,7023387853
313,Pooh Vallerine,pvallerine8o@twitpic.com,Female,3,4467775303
314,Krisha Caulliere,kcaulliere8p@google.pl,Bigender,3,7181833077
315,Gillan Sambidge,gsambidge8q@trellian.com,Agender,1,6321248503
316,Aloysia Goulding,agoulding8r@i2i.jp,Non-binary,1,6866334132
317,Hatty Larkcum,hlarkcum8s@ed.gov,Genderfluid,2,7188297485
318,Andie McCotter,amccotter8t@ox.ac.uk,Agender,1,7541620168
319,Marlena Dickson,mdickson8u@xinhuanet.com,Genderqueer,2,5679110224
320,Harald Salack,hsalack8v@baidu.com,Polygender,3,4773545069
321,Elia Skeemor,eskeemor8w@shinystat.com,Male,2,4973126261
322,Alaric Garred,agarred8x@google.com,Bigender,1,3732224148
323,Jaquelyn Gaskamp,jgaskamp8y@parallels.com,Polygender,1,4679647722
324,Jilleen Pettwood,jpettwood8z@angelfire.com,Female,3,1282422086
325,Tedman Cockin,tcockin90@drupal.org,Male,3,6069284716
326,Lethia Speir,lspeir91@plala.or.jp,Non-binary,1,6209071274
327,Chucho Howey,chowey92@phoca.cz,Female,1,6086139625
328,Sampson Poker,spoker93@about.com,Agender,2,3724500580
329,Brien Lydon,blydon94@hostgator.com,Bigender,1,2152947151
330,Paolo Hegarty,phegarty95@columbia.edu,Polygender,1,8139098261
331,Perrine Croan,pcroan96@businessweek.com,Agender,1,2988223863
332,Dorelia Ching,dching97@amazonaws.com,Female,1,7892508941
333,Corri Alban,calban98@forbes.com,Non-binary,2,5481831716
334,Florian Langley,flangley99@domainmarket.com,Non-binary,2,1837268188
335,Wang Tuxill,wtuxill9a@elegantthemes.com,Agender,2,1054821820
336,Jeramey Boylin,jboylin9b@jalbum.net,Male,1,9624783061
337,Theresina Stoakes,tstoakes9c@ning.com,Male,2,5625981007
338,Anthe Conibeer,aconibeer9d@cornell.edu,Non-binary,3,1201145630
339,Shoshanna Kloisner,skloisner9e@mapy.cz,Genderqueer,2,8359471164
340,Leighton Miles,lmiles9f@hostgator.com,Non-binary,3,9841782969
341,Alis Hammatt,ahammatt9g@wordpress.com,Female,3,2027529824
342,Genovera Winsborrow,gwinsborrow9h@paypal.com,Genderfluid,3,9187424580
343,Camey MacFaell,cmacfaell9i@dailymotion.com,Agender,3,2223742650
344,Dora Sherrett,dsherrett9j@thetimes.co.uk,Polygender,2,6382095111
345,Valerye Routham,vroutham9k@goodreads.com,Bigender,2,6807558530
346,Danie Lillgard,dlillgard9l@sogou.com,Non-binary,3,4532249472
347,Linzy Rawood,lrawood9m@google.co.uk,Polygender,3,6301855747
348,Basile Sancias,bsancias9n@bloglines.com,Genderfluid,1,5844570198
349,Shay Naisby,snaisby9o@google.nl,Polygender,2,8047826919
350,Vonni Droogan,vdroogan9p@oaic.gov.au,Polygender,2,3905883844
351,Elvin Dugmore,edugmore9q@psu.edu,Genderfluid,2,7749943174
352,Claudine McKmurrie,cmckmurrie9r@ow.ly,Female,3,9199924884
353,Cilka Cakebread,ccakebread9s@msu.edu,Bigender,3,4927953585
354,Zsa zsa Pykerman,zzsa9t@msu.edu,Bigender,3,4829040808
355,Kinnie Lumb,klumb9u@angelfire.com,Non-binary,3,5192182320
356,Merrili Crottagh,mcrottagh9v@so-net.ne.jp,Genderfluid,1,1403988891
357,Ignazio Hattersley,ihattersley9w@xrea.com,Genderfluid,2,3227253926
358,Chev Gerriet,cgerriet9x@cbc.ca,Agender,2,2034556621
359,Myrtice Pithie,mpithie9y@feedburner.com,Polygender,1,5191445217
360,Amalita Lutas,alutas9z@senate.gov,Genderqueer,3,4825267371
361,Lilla Shiels,lshielsa0@illinois.edu,Bigender,3,8295969000
362,Eugenie Morais,emoraisa1@netlog.com,Genderqueer,1,1386852560
363,Aldus Scutter,ascuttera2@163.com,Agender,2,7947117535
364,Roselin Dicker,rdickera3@ezinearticles.com,Bigender,1,3031226996
365,Bathsheba Buckeridge,bbuckeridgea4@desdev.cn,Genderfluid,3,1437163843
366,Tanhya McCoish,tmccoisha5@hp.com,Genderfluid,3,5245231047
367,Helga Cullimore,hcullimorea6@twitpic.com,Genderqueer,2,9378916255
368,Lazaro Gegg,lgegga7@phoca.cz,Genderfluid,2,2073277984
369,Christine Feckey,cfeckeya8@patch.com,Genderfluid,2,8337644012
370,Ernaline Stockwell,estockwella9@ustream.tv,Genderfluid,2,8055995555
371,Cooper Reuble,creubleaa@tamu.edu,Non-binary,3,6522551654
372,Kean Petasch,kpetaschab@umich.edu,Agender,1,9823543263
373,Nester Pethrick,npethrickac@scribd.com,Polygender,1,6883788104
374,Greta Jeffcock,gjeffcockad@wikia.com,Male,1,4706257254
375,Winfred Waylen,wwaylenae@constantcontact.com,Genderqueer,1,8253654656
376,Enrico Shave,eshaveaf@telegraph.co.uk,Genderfluid,1,2744708415
377,Luca Braddick,lbraddickag@artisteer.com,Genderqueer,3,9296102713
378,Dasie Spinella,dspinellaah@themeforest.net,Genderfluid,2,4553364524
379,Ainsley Szreter,aszreterai@chronoengine.com,Male,3,5447642828
380,Wandie Devonshire,wdevonshireaj@cpanel.net,Bigender,1,4536061856
381,Deloria Leachman,dleachmanak@smugmug.com,Genderqueer,1,9368148230
382,Erich Chatel,echatelal@phpbb.com,Female,3,2594000263
383,Elnar Connock,econnockam@zdnet.com,Agender,1,9042031703
384,Minette Wales,mwalesan@dion.ne.jp,Bigender,3,2932642438
385,Rolland Greenhalgh,rgreenhalghao@exblog.jp,Female,3,5371668737
386,Calli Shottin,cshottinap@wikispaces.com,Male,2,9173591174
387,Jeniece Cawt,jcawtaq@icio.us,Non-binary,3,8525613995
388,Winni Bedminster,wbedminsterar@usgs.gov,Genderfluid,3,6386392673
389,Ingamar Willisch,iwillischas@digg.com,Genderfluid,1,3081243599
390,Janos Trimble,jtrimbleat@angelfire.com,Agender,3,4702575008
391,Giacobo Winsome,gwinsomeau@comsenz.com,Female,1,4055998030
392,Michale Falconbridge,mfalconbridgeav@netvibes.com,Polygender,1,7198255119
393,Tessie Govenlock,tgovenlockaw@latimes.com,Agender,3,8522270358
394,Jay Gowans,jgowansax@123-reg.co.uk,Non-binary,2,9299791997
395,Ulises Treweke,utrewekeay@dell.com,Non-binary,1,7206373840
396,Essy Dewing,edewingaz@google.ru,Bigender,1,5698527613
397,Constantine Desquesnes,cdesquesnesb0@free.fr,Agender,1,9956057225
398,Tully Ouslem,touslemb1@github.io,Agender,3,7083042040
399,Grissel Mayger,gmaygerb2@newyorker.com,Agender,2,2668107341
400,Stanwood Cobb,scobbb3@foxnews.com,Genderqueer,3,7998833927
401,Claudelle Winterbourne,cwinterbourneb4@istockphoto.com,Non-binary,2,8289731665
402,Phip Vittori,pvittorib5@howstuffworks.com,Agender,2,3288686154
403,Carver Ryder,cryderb6@epa.gov,Male,2,1657548866
404,Donny Gowrich,dgowrichb7@cbsnews.com,Male,3,9687343007
405,Malina Spinnace,mspinnaceb8@tamu.edu,Female,3,4232138272
406,Rex Vere,rvereb9@behance.net,Genderfluid,1,4921639664
407,Dulcia Hazlegrove,dhazlegroveba@tmall.com,Bigender,2,4785940322
408,Regine Boxen,rboxenbb@mapy.cz,Non-binary,2,5687362562
409,Rollie Poxson,rpoxsonbc@bbb.org,Male,1,1708887600
410,Corenda Vigers,cvigersbd@nytimes.com,Agender,1,7665623167
411,Batsheva Patman,bpatmanbe@lycos.com,Non-binary,3,6529938506
412,Effie Beefon,ebeefonbf@51.la,Polygender,1,6443305881
413,Fredericka Wilcott,fwilcottbg@bloomberg.com,Polygender,3,3467134196
414,Olivier Smeed,osmeedbh@theatlantic.com,Genderqueer,3,3514596370
415,Lenci Hourihane,lhourihanebi@slate.com,Genderqueer,3,7326071427
416,Chaddy Brimming,cbrimmingbj@altervista.org,Genderfluid,1,9086764693
417,Leonanie Bleue,lbleuebk@dmoz.org,Bigender,1,4897674192
418,Ranice Malins,rmalinsbl@myspace.com,Agender,1,1742196327
419,Austin Jakubski,ajakubskibm@gov.uk,Polygender,1,3976220485
420,Audra Wilkes,awilkesbn@lulu.com,Male,3,6806701991
421,Lockwood Sterman,lstermanbo@sciencedaily.com,Genderqueer,2,1143682343
422,Aubert Dibson,adibsonbp@joomla.org,Non-binary,2,5879584263
423,Noam Grishukhin,ngrishukhinbq@aboutads.info,Genderfluid,3,4369086380
424,Duffie Christophe,dchristophebr@squidoo.com,Non-binary,1,2226735963
425,Ripley Labell,rlabellbs@jugem.jp,Genderfluid,3,1159677676
426,Peggy Linkin,plinkinbt@nps.gov,Male,2,7485748769
427,Sapphire Larchiere,slarchierebu@tiny.cc,Genderqueer,3,2859257572
428,Morgana Attreed,mattreedbv@apple.com,Genderfluid,2,3353372136
429,Ruthie Strode,rstrodebw@phpbb.com,Non-binary,3,3711584590
430,Rubie Rome,rromebx@ed.gov,Agender,3,1966687748
431,Chance Lockett,clockettby@aol.com,Female,3,5702976478
432,Dianne Jedrzejkiewicz,djedrzejkiewiczbz@globo.com,Male,1,1189891836
433,Toni Wettern,twetternc0@linkedin.com,Genderfluid,2,8752534393
434,Hanni Pratton,hprattonc1@csmonitor.com,Female,2,3351439672
435,Rebe Flaxman,rflaxmanc2@amazon.de,Polygender,2,9999554656
436,Sandie Parr,sparrc3@infoseek.co.jp,Male,3,8468768830
437,Michelle Ravenscraft,mravenscraftc4@netvibes.com,Female,2,2169575869
438,Isa Hilldrop,ihilldropc5@xrea.com,Genderfluid,3,1836487624
439,Burgess Blanchflower,bblanchflowerc6@gov.uk,Bigender,2,5506909483
440,Bridie Surcomb,bsurcombc7@chron.com,Polygender,1,9865646155
441,Joan Richold,jricholdc8@gizmodo.com,Agender,1,2787584623
442,Morena Stable,mstablec9@wordpress.com,Bigender,3,3768560857
443,Iggy Mahady,imahadyca@imgur.com,Polygender,2,1696051681
444,Jase Guilloud,jguilloudcb@lycos.com,Bigender,1,7382783071
445,Faina Marle,fmarlecc@cornell.edu,Polygender,2,9467548733
446,Cristian Neicho,cneichocd@mtv.com,Genderfluid,1,2934046448
447,Loreen Whitebread,lwhitebreadce@com.com,Bigender,1,8899943903
448,Lorita Winfred,lwinfredcf@wisc.edu,Agender,3,7065495552
449,Ermentrude Rulten,erultencg@hibu.com,Female,2,3652501402
450,Annabell Sammes,asammesch@ow.ly,Non-binary,2,6864175014
451,Ashli Cheshire,acheshireci@delicious.com,Genderfluid,2,4738860695
452,Menard Schorah,mschorahcj@irs.gov,Polygender,3,8419056903
453,Edithe Peterson,epetersonck@europa.eu,Genderfluid,2,1854074784
454,Curry Lister,clistercl@flickr.com,Male,3,2826272659
455,Wood Antonchik,wantonchikcm@netlog.com,Bigender,2,4161608648
456,Mabelle Trainor,mtrainorcn@scientificamerican.com,Male,3,1328398102
457,Andy Wraxall,awraxallco@squidoo.com,Male,2,9624007013
458,Shayla Brigstock,sbrigstockcp@howstuffworks.com,Genderfluid,2,6573668030
459,Domingo Antic,danticcq@google.ru,Male,2,1925747465
460,Franklin Merryweather,fmerryweathercr@livejournal.com,Polygender,3,3284983427
461,Hulda Wedgbrow,hwedgbrowcs@people.com.cn,Genderqueer,3,6677592222
462,Leonhard Gasnoll,lgasnollct@arizona.edu,Genderfluid,2,9185699348
463,Nerissa Sline,nslinecu@nasa.gov,Female,3,6333624413
464,Alyse Bottleson,abottlesoncv@networksolutions.com,Female,3,6942245849
465,Lebbie Blackesland,lblackeslandcw@narod.ru,Genderfluid,3,8442752495
466,Sibeal O'Hickee,sohickeecx@dropbox.com,Agender,3,9787595301
467,Aubree Garaghan,agaraghancy@google.co.jp,Non-binary,3,9588374040
468,Fancie Caseri,fcasericz@pen.io,Genderfluid,3,7245005957
469,Lilah Orhtmann,lorhtmannd0@twitter.com,Bigender,1,7456491219
470,Jillayne Kmicicki,jkmicickid1@4shared.com,Agender,1,7654550357
471,Salomon Whetnall,swhetnalld2@t-online.de,Genderqueer,3,9971477571
472,Vail Niemiec,vniemiecd3@soup.io,Female,3,2283027463
473,Martie Romke,mromked4@japanpost.jp,Genderfluid,2,2133491885
474,Rosabella Rosenbush,rrosenbushd5@mozilla.org,Polygender,1,4145421768
475,Norry Brettel,nbretteld6@huffingtonpost.com,Bigender,2,2003040360
476,Kinnie Camel,kcameld7@home.pl,Non-binary,1,7707858485
477,Hilarius Dorney,hdorneyd8@buzzfeed.com,Genderqueer,3,9489556744
478,Ellwood Currao,ecurraod9@shop-pro.jp,Genderqueer,3,2716561505
479,Liane Clayworth,lclayworthda@technorati.com,Polygender,1,5134582518
480,Christophe Runge,crungedb@symantec.com,Genderqueer,2,3797718377
481,Tania Bigly,tbiglydc@nba.com,Female,1,6588143709
482,Dicky Wright,dwrightdd@list-manage.com,Agender,2,5534107912
483,Ediva Chelsom,echelsomde@nih.gov,Genderqueer,2,8959225532
484,Rosamond Haslum,rhaslumdf@netvibes.com,Agender,2,5704562213
485,Alyse Ions,aionsdg@xrea.com,Polygender,1,7391619972
486,Ellis Altree,ealtreedh@com.com,Polygender,3,9104755308
487,Harmonia Wynes,hwynesdi@ucoz.ru,Genderqueer,1,3398694648
488,Merrill Briscow,mbriscowdj@t-online.de,Female,2,5073473257
489,Nedda Jess,njessdk@un.org,Agender,1,9371763416
490,Marco Skehens,mskehensdl@dagondesign.com,Agender,1,5447324360
491,Lucias Merchant,lmerchantdm@walmart.com,Male,2,2115043163
492,Sarine Bryett,sbryettdn@state.gov,Genderqueer,2,4927306221
493,Esma Bruyet,ebruyetdo@harvard.edu,Non-binary,3,8391919152
494,Kendell Rabbe,krabbedp@ask.com,Polygender,3,8837086237
495,Vanda Leal,vlealdq@wikia.com,Bigender,2,6826146206
496,Oswell Lowseley,olowseleydr@free.fr,Male,3,3875479476
497,Stanton Prandi,sprandids@smugmug.com,Genderqueer,2,6399030021
498,Gustavo Fontin,gfontindt@mysql.com,Genderqueer,1,4239823086
499,Nanine Meenehan,nmeenehandu@typepad.com,Bigender,2,5867846071
500,Seline Corde,scordedv@phoca.cz,Non-binary,3,1357304027
501,Hammad Stilldale,hstilldaledw@typepad.com,Bigender,2,5691694787
502,Patrica Guarnier,pguarnierdx@bloomberg.com,Polygender,1,3611671034
503,Nil Mattheis,nmattheisdy@mapy.cz,Agender,1,7967364212
504,Natalee Milier,nmilierdz@imageshack.us,Female,1,6274253549
505,Herb Devanny,hdevannye0@statcounter.com,Genderqueer,1,9745534269
506,Brandon Cowperthwaite,bcowperthwaitee1@desdev.cn,Polygender,3,2395483793
507,Katerine Finnimore,kfinnimoree2@sciencedirect.com,Non-binary,1,3368046357
508,Nicola Incogna,nincognae3@yale.edu,Polygender,3,2704497215
509,Sloane Govan,sgovane4@google.co.jp,Agender,1,8648676346
510,Aristotle Vakhlov,avakhlove5@techcrunch.com,Agender,2,1887113895
511,Fawn Abraham,fabrahame6@storify.com,Female,3,6100980
512,Eugen Tincombe,etincombee7@moonfruit.com,Non-binary,2,7966202379
513,Delphine Rainford,drainforde8@uol.com.br,Polygender,3,2561482539
514,Rowen Pleasants,rpleasantse9@spiegel.de,Polygender,3,2415124880
515,Angel Jeynes,ajeynesea@weibo.com,Male,2,4807426310
516,Mariette Vlahos,mvlahoseb@diigo.com,Genderqueer,2,2403926384
517,Fayette Geindre,fgeindreec@columbia.edu,Agender,2,8187301712
518,Bevvy Endacott,bendacotted@vk.com,Female,2,5213188659
519,Drew Smallwood,dsmallwoodee@springer.com,Male,2,5529702639
520,Arlene Kinglake,akinglakeef@bbb.org,Male,3,9848027441
521,Twila Perocci,tperoccieg@youku.com,Bigender,3,1923180455
522,Jorge Kinchlea,jkinchleaeh@dmoz.org,Genderqueer,2,4024119534
523,Loria Summerson,lsummersonei@berkeley.edu,Genderqueer,3,7391829764
524,Louella O'Sherin,losherinej@livejournal.com,Male,2,7174176207
525,Corina Belli,cbelliek@ustream.tv,Male,3,1964911952
526,Lynea Welfair,lwelfairel@bbb.org,Agender,3,8121232168
527,Adrea Volonte,avolonteem@mapy.cz,Female,2,9447594799
528,Dolorita Forth,dforthen@cafepress.com,Genderfluid,1,2039548679
529,Robyn Batten,rbatteneo@purevolume.com,Bigender,2,7647961884
530,Sari O'Kielt,sokieltep@columbia.edu,Genderfluid,1,9537791168
531,Jodi Loker,jlokereq@blogger.com,Female,2,6632183278
532,Salome Renshell,srensheller@imdb.com,Agender,1,3574685568
533,Rosanne Hendrichs,rhendrichses@indiegogo.com,Male,1,7379074003
534,Hanni Wordsley,hwordsleyet@senate.gov,Polygender,2,7134020567
535,Marissa Goodhew,mgoodheweu@bravesites.com,Male,3,2778718511
536,Sayres Daye,sdayeev@intel.com,Male,1,8166584030
537,Rebecka Remmers,rremmersew@marriott.com,Agender,2,1401892237
538,Devland Renowden,drenowdenex@hibu.com,Genderfluid,2,1383472643
539,Davida Helks,dhelksey@t.co,Male,3,1545971043
540,Pippa Spindler,pspindlerez@webmd.com,Bigender,1,2081526750
541,Di Glenister,dglenisterf0@about.me,Genderqueer,3,8345195276
542,Ranique Kassidy,rkassidyf1@themeforest.net,Non-binary,3,1948898473
543,Gretta Eton,getonf2@ucoz.ru,Male,2,3473603593
544,Franciskus Duprey,fdupreyf3@over-blog.com,Agender,1,2451647182
545,Durante De Vere,ddef4@addthis.com,Polygender,3,1891432224
546,Gustie Simnett,gsimnettf5@canalblog.com,Polygender,3,8337417763
547,Noni Manvelle,nmanvellef6@google.cn,Genderfluid,2,4106300758
548,Hendrika Casse,hcassef7@php.net,Male,1,8746626001
549,Rosetta Ayers,rayersf8@acquirethisname.com,Agender,1,3509201342
550,Almeda Amps,aampsf9@altervista.org,Genderqueer,1,5292904253
551,Isac Woodington,iwoodingtonfa@etsy.com,Female,1,7831437652
552,Nalani Blenkin,nblenkinfb@stanford.edu,Female,1,9022778623
553,Hans Vian,hvianfc@hugedomains.com,Agender,2,7393645044
554,Enoch Scoffins,escoffinsfd@people.com.cn,Genderfluid,3,1379700911
555,Jeff Lillistone,jlillistonefe@usnews.com,Polygender,2,6465139063
556,Sheelagh Rizziello,srizzielloff@ovh.net,Agender,3,9895824466
557,Ole Rooms,oroomsfg@dyndns.org,Female,2,9197745102
558,Sonny Ashbridge,sashbridgefh@reverbnation.com,Genderfluid,2,2247587277
559,Perri Derdes,pderdesfi@who.int,Non-binary,1,7864468207
560,Norean McGibbon,nmcgibbonfj@wix.com,Male,1,8216062772
561,Kathlin Robillard,krobillardfk@unicef.org,Non-binary,3,8842681923
562,Sullivan Clarke,sclarkefl@nih.gov,Female,2,5323725272
563,Elinore Riteley,eriteleyfm@tinypic.com,Polygender,3,3853103954
564,Clarette Brophy,cbrophyfn@bing.com,Polygender,3,7521754481
565,Cleavland Cervantes,ccervantesfo@shareasale.com,Polygender,2,3509945448
566,Polly Juschka,pjuschkafp@sogou.com,Genderqueer,3,4672806470
567,Caril Crandon,ccrandonfq@nps.gov,Male,2,8716004500
568,Ebba Tompkin,etompkinfr@slideshare.net,Agender,2,9496580815
569,Erminia Aldred,ealdredfs@marketwatch.com,Female,1,1341965742
570,Rip Drayton,rdraytonft@is.gd,Female,3,9905066977
571,Edward Kellegher,ekellegherfu@google.ru,Genderqueer,3,3471703975
572,Marion Feary,mfearyfv@lulu.com,Bigender,3,4485343990
573,Wilmar Petzold,wpetzoldfw@spiegel.de,Genderqueer,1,6494295569
574,Chelsae Hallewell,challewellfx@techcrunch.com,Genderfluid,2,8607478574
575,Isabeau Karsh,ikarshfy@alibaba.com,Non-binary,3,3068339445
576,Dorothee Armor,darmorfz@arstechnica.com,Bigender,3,3608818631
577,Mill Clemon,mclemong0@statcounter.com,Polygender,1,1314147162
578,Corrinne Jermey,cjermeyg1@reference.com,Female,2,9541645672
579,Teodorico Gilroy,tgilroyg2@ask.com,Genderqueer,1,2625441027
580,Genevra Rilston,grilstong3@addthis.com,Agender,1,7187747476
581,Miguela Sabbin,msabbing4@unicef.org,Polygender,1,6278305688
582,Wye Lettley,wlettleyg5@wordpress.com,Genderfluid,2,8997272339
583,Hilly Johansen,hjohanseng6@usa.gov,Bigender,3,4915410952
584,Reynold Juara,rjuarag7@networkadvertising.org,Genderqueer,3,3169136292
585,Tiebout Penning,tpenningg8@t-online.de,Bigender,3,5285236620
586,Angie Shadfourth,ashadfourthg9@columbia.edu,Polygender,3,5575718144
587,Binny Carlan,bcarlanga@ed.gov,Bigender,1,5591169178
588,Vidovic Langdon,vlangdongb@about.com,Agender,3,4054915566
589,Filip Magnay,fmagnaygc@discuz.net,Agender,1,4149990496
590,Kristian Ledgeway,kledgewaygd@ifeng.com,Non-binary,2,5169347829
591,Odelinda Antowski,oantowskige@furl.net,Agender,1,9862514869
592,Silvia Bozworth,sbozworthgf@apple.com,Non-binary,1,3735962979
593,Modesty Bannon,mbannongg@weibo.com,Female,2,6463122362
594,Harv Feldmus,hfeldmusgh@networkadvertising.org,Genderfluid,1,9529253993
595,Beilul Honywill,bhonywillgi@geocities.com,Female,3,5896314444
596,Ula Wise,uwisegj@oracle.com,Non-binary,1,9351480942
597,Lawton Elvidge,lelvidgegk@ucoz.com,Non-binary,2,5595559844
598,Rocky Studdard,rstuddardgl@google.ca,Male,3,9021774115
599,Agna Loton,alotongm@4shared.com,Genderfluid,3,6154658200
600,Cazzie Blaker,cblakergn@cmu.edu,Male,3,2713523911
601,Arlena Cockram,acockramgo@skyrock.com,Bigender,3,1467703278
602,Antonella Renn,arenngp@businesswire.com,Polygender,2,7862697851
603,Harald Lighton,hlightongq@github.io,Genderqueer,2,2449175927
604,Cicily Antoinet,cantoinetgr@disqus.com,Genderqueer,1,5026842208
605,Prudy Paris,pparisgs@networksolutions.com,Polygender,3,8324771962
606,Roxie Dewsnap,rdewsnapgt@ifeng.com,Male,1,5501870217
607,Rhona Stickney,rstickneygu@hostgator.com,Genderqueer,1,7217545302
608,Hester Ivel,hivelgv@state.tx.us,Polygender,1,5001158495
609,Gris Rennix,grennixgw@nih.gov,Genderqueer,3,1586221399
610,Karla Keenlayside,kkeenlaysidegx@irs.gov,Non-binary,1,9518063308
611,Heindrick Antoons,hantoonsgy@liveinternet.ru,Agender,2,6607849729
612,Justinian Rapkins,jrapkinsgz@1und1.de,Agender,1,8842578063
613,Valentine Walczak,vwalczakh0@domainmarket.com,Genderqueer,3,7399042552
614,Sara Avrahamof,savrahamofh1@theatlantic.com,Polygender,3,7175037904
615,Bernadene Benini,bbeninih2@elpais.com,Polygender,3,9286946820
616,Ula Kryska,ukryskah3@geocities.jp,Polygender,3,3027530920
617,Kimberli Barneveld,kbarneveldh4@illinois.edu,Non-binary,1,4618656024
618,Collete Cutridge,ccutridgeh5@sun.com,Genderfluid,1,1624866178
619,Elliott Percy,epercyh6@theguardian.com,Genderfluid,2,2356448650
620,Emmalynne Kelshaw,ekelshawh7@123-reg.co.uk,Genderqueer,3,6082574639
621,Ezmeralda Romanelli,eromanellih8@desdev.cn,Genderfluid,3,4594865538
622,Chiarra Jencken,cjenckenh9@domainmarket.com,Agender,2,8358891168
623,Adelaida Perone,aperoneha@sitemeter.com,Genderqueer,1,8786743460
624,Ollie Kirkby,okirkbyhb@simplemachines.org,Agender,1,1945372378
625,Gael Mowle,gmowlehc@mapy.cz,Non-binary,2,6643236860
626,Gina Fawcitt,gfawcitthd@cornell.edu,Agender,2,9327834245
627,Falkner Ricardot,fricardothe@sbwire.com,Bigender,3,1973577415
628,Lynna Moy,lmoyhf@jiathis.com,Genderfluid,3,7817561476
629,Millie Buske,mbuskehg@nasa.gov,Bigender,1,9359733912
630,Ricardo Phillimore,rphillimorehh@creativecommons.org,Male,1,9031955420
631,Kermie Davidsohn,kdavidsohnhi@google.it,Female,1,1736308824
632,Sibyl Vellden,svelldenhj@ezinearticles.com,Genderqueer,3,4322493930
633,Brandais Booth-Jarvis,bboothjarvishk@dagondesign.com,Non-binary,1,4499421187
634,Fleur Niven,fnivenhl@tinyurl.com,Female,2,8552443278
635,Barbara-anne Olley,bolleyhm@vimeo.com,Female,3,6427763771
636,Beckie Morecomb,bmorecombhn@cam.ac.uk,Genderqueer,3,7968477550
637,Cassandre Dreakin,cdreakinho@engadget.com,Bigender,1,8921370247
638,Aubry Smithyman,asmithymanhp@dedecms.com,Polygender,1,5186078200
639,Gloria Cridlin,gcridlinhq@eventbrite.com,Genderqueer,1,3956809670
640,Bordie Matthisson,bmatthissonhr@adobe.com,Genderqueer,1,9549620392
641,Blinni Skittrall,bskittrallhs@nsw.gov.au,Agender,1,4488079736
642,Adelice Woosnam,awoosnamht@guardian.co.uk,Non-binary,3,2774513269
643,Laryssa Gravey,lgraveyhu@dmoz.org,Male,1,5057642490
644,Jillene Dulinty,jdulintyhv@addtoany.com,Female,3,7969812515
645,Ben McKevitt,bmckevitthw@samsung.com,Bigender,2,1676612630
646,Consuelo Jolliman,cjollimanhx@so-net.ne.jp,Male,3,2045885052
647,Elena Smalridge,esmalridgehy@facebook.com,Agender,2,6309059876
648,Kala Early,kearlyhz@nsw.gov.au,Female,3,9403066790
649,Lynette Jadczak,ljadczaki0@yahoo.co.jp,Male,1,8037152945
650,Georgine Do,gdoi1@sun.com,Non-binary,1,4246310540
651,Gibby Lanbertoni,glanbertonii2@arstechnica.com,Bigender,3,7269466023
652,Sheryl Measey,smeaseyi3@twitter.com,Bigender,2,3001357834
653,Torrey Gouldstone,tgouldstonei4@msu.edu,Genderqueer,1,9047735201
654,Shanta Culross,sculrossi5@unblog.fr,Agender,1,3482902574
655,Martino Cullum,mcullumi6@istockphoto.com,Genderqueer,3,3672171714
656,Stacee Congreave,scongreavei7@tmall.com,Non-binary,2,6355463280
657,Bertine Levy,blevyi8@tmall.com,Agender,2,3815146935
658,Ertha Blaber,eblaberi9@bloglines.com,Male,2,3929497556
659,Beale Dunnett,bdunnettia@patch.com,Female,3,1298972754
660,Libbie Lorey,lloreyib@wsj.com,Genderfluid,3,2716956534
661,Chevy Fawcus,cfawcusic@fda.gov,Agender,1,3974550532
662,Emmerich Lemmon,elemmonid@skyrock.com,Agender,1,3591845480
663,Claretta Lindenfeld,clindenfeldie@google.com,Male,3,5379176781
664,Herminia Whiskerd,hwhiskerdif@com.com,Male,2,6179424398
665,Eunice Clewlow,eclewlowig@netscape.com,Non-binary,2,9196723627
666,Lenka Rubin,lrubinih@acquirethisname.com,Bigender,2,8082305935
667,Tania Cockell,tcockellii@addthis.com,Non-binary,1,7917596806
668,Kelley Peacham,kpeachamij@nps.gov,Genderfluid,1,6589552142
669,Niccolo Foynes,nfoynesik@google.nl,Genderqueer,2,5432672916
670,Emera Basili,ebasiliil@hostgator.com,Agender,3,8243564383
671,Ethyl Wyness,ewynessim@gravatar.com,Non-binary,3,1981663274
672,Whit Coppenhall,wcoppenhallin@walmart.com,Agender,3,4107444503
673,Alwin Jorissen,ajorissenio@ameblo.jp,Male,2,7609088975
674,Manfred Castles,mcastlesip@time.com,Male,3,7643830992
675,Cecilius Ditchett,cditchettiq@vk.com,Non-binary,1,2911085154
676,Lanny Folk,lfolkir@ucla.edu,Agender,1,4632637830
677,Hakeem Musgrove,hmusgroveis@nature.com,Genderfluid,2,4997166298
678,Nicky Cockran,ncockranit@nydailynews.com,Genderqueer,2,6813327087
679,Gerhardine Steely,gsteelyiu@wufoo.com,Genderqueer,1,1618958565
680,Jeanelle Tomczykiewicz,jtomczykiewicziv@walmart.com,Non-binary,1,1121850572
681,Rhett Nannizzi,rnannizziiw@paypal.com,Female,2,8803209056
682,Emmery Leavy,eleavyix@google.pl,Genderqueer,1,7457096910
683,Ruth Radenhurst,rradenhurstiy@geocities.jp,Non-binary,1,7409982847
684,Brandon Middler,bmiddleriz@taobao.com,Bigender,1,2443175064
685,Hallie Goggey,hgoggeyj0@bloomberg.com,Genderfluid,3,6605309833
686,Stanley Gooderick,sgooderickj1@harvard.edu,Agender,2,1432571611
687,Catriona Serrier,cserrierj2@noaa.gov,Bigender,2,8449268696
688,Susana Guilbert,sguilbertj3@amazon.com,Female,1,5611196903
689,Ephraim Robarts,erobartsj4@bloglines.com,Female,3,2703123877
690,Olia Garrie,ogarriej5@flavors.me,Genderqueer,1,7615948979
691,Nikki Valti,nvaltij6@chronoengine.com,Polygender,1,5566344430
692,Lucky Sharvell,lsharvellj7@google.com.hk,Genderfluid,2,7103001741
693,Gwendolin Calliss,gcallissj8@fda.gov,Genderfluid,3,3698443721
694,Andrea Garford,agarfordj9@usnews.com,Polygender,3,5688324617
695,Currey Durning,cdurningja@ibm.com,Agender,3,3343347080
696,Barbi Arrighi,barrighijb@dagondesign.com,Non-binary,3,9552696387
697,Marie-jeanne Jime,mjimejc@cyberchimps.com,Polygender,3,8073954840
698,Chance Alastair,calastairjd@creativecommons.org,Male,1,3369930112
699,Gerti Sheers,gsheersje@spotify.com,Polygender,1,8781175733
700,Gertrudis Thirsk,gthirskjf@google.com.br,Non-binary,1,1178816987
701,Gun MacCawley,gmaccawleyjg@admin.ch,Genderqueer,1,4478704418
702,Adan Beardsley,abeardsleyjh@over-blog.com,Non-binary,2,1816018544
703,Agatha Magee,amageeji@squarespace.com,Genderfluid,2,8939924980
704,Parsifal Offiler,poffilerjj@cbslocal.com,Genderfluid,2,8702300636
705,Ingaborg Midford,imidfordjk@ucla.edu,Bigender,2,3997246792
706,Eolanda Paal,epaaljl@mashable.com,Genderfluid,2,2232941367
707,Miner Netherclift,mnethercliftjm@purevolume.com,Male,3,8762072075
708,Bell Craiker,bcraikerjn@whitehouse.gov,Non-binary,2,2735270511
709,Vince Lympenie,vlympeniejo@tinyurl.com,Bigender,2,7433476098
710,Wadsworth Cucuzza,wcucuzzajp@mtv.com,Polygender,2,3455500513
711,Jacklin Clarae,jclaraejq@nsw.gov.au,Genderfluid,1,9438958486
712,Ottilie Longland,olonglandjr@state.tx.us,Non-binary,1,5451165959
713,Fiona Berr,fberrjs@icio.us,Genderfluid,3,1618276410
714,Boone Yurenev,byurenevjt@live.com,Non-binary,1,4232534500
715,Barris Bulled,bbulledju@redcross.org,Genderqueer,2,7007734565
716,Leontine Bowley,lbowleyjv@dmoz.org,Male,3,7986079848
717,Othello Crawcour,ocrawcourjw@furl.net,Genderfluid,3,6914570836
718,Russell Kirmond,rkirmondjx@mozilla.org,Female,2,8736089509
719,Lauri Reimer,lreimerjy@wordpress.org,Genderqueer,3,5042914345
720,Libbi Wrassell,lwrasselljz@networksolutions.com,Non-binary,3,4392677357
721,Derwin Rau,drauk0@opensource.org,Bigender,1,1827253372
722,Brianne Bythell,bbythellk1@friendfeed.com,Agender,2,7131872421
723,Keenan Eannetta,keannettak2@sun.com,Non-binary,2,7419072111
724,Rustin Burgett,rburgettk3@list-manage.com,Genderfluid,2,2906425214
725,Gipsy Gidden,ggiddenk4@twitter.com,Genderfluid,1,1365584178
726,Ricky Van den Broek,rvank5@mozilla.com,Male,3,9691202288
727,Fabien Dainton,fdaintonk6@github.com,Genderfluid,3,7328301976
728,Mel Annott,mannottk7@prweb.com,Non-binary,3,5189262838
729,Robin Mercik,rmercikk8@skype.com,Polygender,1,6677418354
730,Collete Hildrew,childrewk9@sfgate.com,Genderqueer,1,1398547338
731,Chicky O'Mullaney,comullaneyka@army.mil,Non-binary,3,5403823851
732,Dodie Nuttall,dnuttallkb@cafepress.com,Non-binary,1,5398692596
733,Cinderella Lantiffe,clantiffekc@i2i.jp,Agender,1,5186564984
734,Bendix Gidney,bgidneykd@geocities.com,Female,1,7878458515
735,Kimbell Terris,kterriske@msn.com,Polygender,3,8722477469
736,Florie Cholomin,fcholominkf@hatena.ne.jp,Female,2,7335590119
737,Sally Brant,sbrantkg@zimbio.com,Agender,1,8306626771
738,Lilli Yukhnev,lyukhnevkh@studiopress.com,Male,3,2049572064
739,Annemarie Hasslocher,ahasslocherki@un.org,Bigender,1,8535374051
740,Tess Sego,tsegokj@trellian.com,Agender,1,7374680512
741,Gilburt Pounder,gpounderkk@amazon.de,Polygender,3,6148022762
742,Amery Brogini,abroginikl@si.edu,Genderqueer,2,2264870455
743,Si Tesh,steshkm@youku.com,Genderfluid,3,3935523079
744,Carri Older,colderkn@booking.com,Male,1,6402646117
745,Anna-diane Skains,askainsko@examiner.com,Agender,3,8443745634
746,Bruno Danby,bdanbykp@accuweather.com,Agender,1,6574963524
747,Ches Saltsberg,csaltsbergkq@exblog.jp,Female,1,6141155773
748,Berke Cook,bcookkr@cafepress.com,Polygender,1,3219740481
749,Kaycee Hirtzmann,khirtzmannks@cdbaby.com,Genderfluid,1,7572651208
750,Eberto Thewless,ethewlesskt@umich.edu,Genderfluid,1,8147882936
751,Kort Hawkins,khawkinsku@rakuten.co.jp,Bigender,3,2779370092
752,Cristal Blazdell,cblazdellkv@sphinn.com,Non-binary,1,7388017306
753,Kate Parsisson,kparsissonkw@dion.ne.jp,Non-binary,3,8625706186
754,Arlen Marages,amarageskx@indiegogo.com,Male,1,2243744124
755,Paxton Coie,pcoieky@yahoo.com,Agender,2,6931371701
756,Pen Drewe,pdrewekz@spotify.com,Bigender,2,2673762083
757,Aurlie Bamblett,abamblettl0@cisco.com,Agender,1,5746474589
758,Jecho Falcus,jfalcusl1@ow.ly,Agender,1,6307427339
759,Gilburt Trayhorn,gtrayhornl2@bbc.co.uk,Genderfluid,1,6568761545
760,Alecia Reinert,areinertl3@stumbleupon.com,Bigender,3,5924398858
761,Yuma Balding,ybaldingl4@themeforest.net,Genderfluid,2,1165954247
762,Keane Gateshill,kgateshilll5@alexa.com,Female,2,9347951967
763,Hestia Terrill,hterrilll6@webs.com,Agender,3,4954628764
764,Lenci Matiebe,lmatiebel7@usda.gov,Non-binary,3,7557657970
765,Rolfe Gorner,rgornerl8@sourceforge.net,Bigender,3,6517438792
766,Selene Wilcot,swilcotl9@jimdo.com,Genderfluid,2,7328595670
767,Bobine Naton,bnatonla@ibm.com,Bigender,1,6431485689
768,Farris Hoggin,fhogginlb@themeforest.net,Genderqueer,1,9808717003
769,Englebert Bidewel,ebidewellc@cisco.com,Genderqueer,3,4436332705
770,Terri-jo Wanstall,twanstallld@amazon.co.uk,Polygender,3,8049979800
771,Bamby Ungaretti,bungarettile@domainmarket.com,Female,2,5926041430
772,Alta Rubinovitsch,arubinovitschlf@nps.gov,Non-binary,2,3926321598
773,Clemmy Sandom,csandomlg@ifeng.com,Agender,1,1387165753
774,Patrizius Erni,pernilh@princeton.edu,Female,1,1692896920
775,Shelia Gilliard,sgilliardli@hao123.com,Non-binary,2,7374428229
776,Annabell Bellingham,abellinghamlj@slashdot.org,Agender,1,7977974910
777,Bat Radolf,bradolflk@squidoo.com,Bigender,2,1943499857
778,Tabb Maclaine,tmaclainell@howstuffworks.com,Bigender,2,6471878907
779,Henrik Gooderham,hgooderhamlm@myspace.com,Non-binary,2,7597471369
780,Courtnay Vanyakin,cvanyakinln@gmpg.org,Bigender,2,1618580012
781,Cullan Ivatts,civattslo@ihg.com,Male,2,1404401406
782,Kurtis Boig,kboiglp@cocolog-nifty.com,Male,2,3897741303
783,Lilas Bickle,lbicklelq@narod.ru,Genderqueer,1,7457853233
784,Karol Simionato,ksimionatolr@epa.gov,Genderqueer,2,5045146541
785,Phillipe Kolak,pkolakls@alexa.com,Non-binary,2,9948178121
786,Rancell Abramovitz,rabramovitzlt@arizona.edu,Polygender,3,7577201666
787,Elden Gorrick,egorricklu@edublogs.org,Agender,1,3006537902
788,Gregorius Bladge,gbladgelv@howstuffworks.com,Agender,2,8131694885
789,Jeri Pummell,jpummelllw@dyndns.org,Non-binary,1,1254602140
790,Lennie Antcliffe,lantcliffelx@msn.com,Non-binary,3,7843739888
791,Luke Mushrow,lmushrowly@1688.com,Agender,1,4033918261
792,Kelley Reichelt,kreicheltlz@addtoany.com,Polygender,2,6189699902
793,Velma Baitman,vbaitmanm0@blog.com,Bigender,2,5081947447
794,Dayle Dossit,ddossitm1@bloglovin.com,Genderfluid,1,7543844115
795,Janis Fincher,jfincherm2@devhub.com,Bigender,2,2849325775
796,Kippy Gilman,kgilmanm3@businessinsider.com,Genderfluid,1,6538853621
797,Adda Drinkhill,adrinkhillm4@un.org,Polygender,2,8798164607
798,Margret Godilington,mgodilingtonm5@phoca.cz,Polygender,3,9553404063
799,Christos Grasha,cgrasham6@paypal.com,Genderqueer,2,6043637046
800,Danni Dimelow,ddimelowm7@discuz.net,Female,2,6226179181
801,Alisander Woolmore,awoolmorem8@vkontakte.ru,Genderfluid,2,2458403122
802,Cointon Hickisson,chickissonm9@umn.edu,Polygender,1,2334585676
803,Carmelia Bradtke,cbradtkema@slideshare.net,Polygender,2,4406049535
804,Michale Alwin,malwinmb@disqus.com,Non-binary,2,1506962810
805,Burg MacNair,bmacnairmc@google.ru,Genderfluid,2,9075255155
806,Tammy Meineking,tmeinekingmd@wikia.com,Male,1,2543185387
807,Corinna Exley,cexleyme@yellowpages.com,Agender,2,6258428566
808,Syd Garioch,sgariochmf@theguardian.com,Genderqueer,2,7035876679
809,Peri Messenbird,pmessenbirdmg@google.fr,Polygender,3,5088354383
810,Orelia McBayne,omcbaynemh@slideshare.net,Non-binary,1,7492254938
811,Lyndsie Bemand,lbemandmi@ow.ly,Non-binary,3,5811234668
812,Laney Gerin,lgerinmj@whitehouse.gov,Female,3,8041846611
813,Jeffy Hanse,jhansemk@walmart.com,Genderqueer,3,5417848031
814,Jocelin Marklew,jmarklewml@amazon.co.jp,Bigender,1,9515822832
815,Petronella Meates,pmeatesmm@nationalgeographic.com,Male,1,6727699505
816,Ashbey Dottridge,adottridgemn@domainmarket.com,Bigender,3,9504821307
817,Ardisj Wasiel,awasielmo@mail.ru,Polygender,2,2075439129
818,Loren Laneham,llanehammp@hugedomains.com,Genderqueer,1,1827663880
819,Katya Petrosian,kpetrosianmq@domainmarket.com,Male,3,3663536242
820,Kylila Anthonsen,kanthonsenmr@google.co.jp,Female,1,1504305202
821,Jeni Beamond,jbeamondms@mysql.com,Male,3,7804195312
822,Alanna Learoid,alearoidmt@xinhuanet.com,Agender,3,5138940110
823,Helaina Lisciardelli,hlisciardellimu@columbia.edu,Genderfluid,1,1423568897
824,Dwight Piggens,dpiggensmv@list-manage.com,Genderqueer,3,8944493861
825,Christoforo Boswood,cboswoodmw@mac.com,Non-binary,1,9345049317
826,Adel Hutchin,ahutchinmx@elegantthemes.com,Genderqueer,1,1316982226
827,Brander Dutton,bduttonmy@ucsd.edu,Genderfluid,1,8227357149
828,Chaim Preist,cpreistmz@ibm.com,Polygender,2,9232240537
829,Joyous Hirche,jhirchen0@unblog.fr,Genderqueer,1,4624738735
830,Justus Bonsul,jbonsuln1@webmd.com,Bigender,3,5243811586
831,Myca Brearton,mbreartonn2@ted.com,Bigender,2,5868199140
832,Traver Bolden,tboldenn3@sciencedirect.com,Bigender,2,2301943000
833,Tedda Motten,tmottenn4@prlog.org,Non-binary,2,5319288651
834,Lorant Platt,lplattn5@ucsd.edu,Bigender,3,4403675434
835,Cosimo Kershaw,ckershawn6@networksolutions.com,Polygender,3,1885515212
836,Ann Laughtisse,alaughtissen7@moonfruit.com,Male,1,7121296057
837,Lyman Tungay,ltungayn8@berkeley.edu,Non-binary,1,8658289349
838,Abbe Balwin,abalwinn9@hibu.com,Polygender,3,8928508758
839,Rosalie Forseith,rforseithna@weather.com,Bigender,2,2031122611
840,Adelind Josephson,ajosephsonnb@techcrunch.com,Bigender,3,1974008380
841,Carolus Bonnette,cbonnettenc@walmart.com,Genderfluid,1,2918073082
842,Pattin Chable,pchablend@epa.gov,Male,3,4077736095
843,Pancho Orneles,pornelesne@tamu.edu,Agender,3,6077907999
844,Cathie Copcutt,ccopcuttnf@discovery.com,Genderfluid,1,9745215713
845,Bentley Marousek,bmarousekng@blogtalkradio.com,Genderfluid,2,9227919354
846,Arabelle Ivery,aiverynh@alexa.com,Male,1,8296033452
847,Andrus de Clerq,adeni@joomla.org,Bigender,2,2394894319
848,Gordan Worsfield,gworsfieldnj@hibu.com,Polygender,2,9193102843
849,Alicia Barrick,abarricknk@yandex.ru,Polygender,2,4501539195
850,Desiree Mourant,dmourantnl@archive.org,Male,2,2608422933
851,Karin Zanuciolii,kzanucioliinm@deviantart.com,Polygender,1,8025876727
852,Ingeborg Braiden,ibraidennn@imgur.com,Female,3,1156778091
853,Bennie Hallatt,bhallattno@newyorker.com,Non-binary,2,8303688431
854,Frayda Jennemann,fjennemannnp@vk.com,Female,2,4597154376
855,Colet Faulkes,cfaulkesnq@exblog.jp,Agender,2,9278081452
856,Sonnie Filipowicz,sfilipowicznr@oakley.com,Polygender,3,4578568687
857,Debora Camm,dcammns@europa.eu,Non-binary,2,4074103562
858,Bernarr Cradey,bcradeynt@china.com.cn,Polygender,2,4628807304
859,Moise Chartre,mchartrenu@mlb.com,Non-binary,3,1624968763
860,Marji Lyver,mlyvernv@opensource.org,Polygender,2,3146113199
861,Karlene Coulter,kcoulternw@ftc.gov,Non-binary,3,5267659482
862,Kerri Eby,kebynx@reverbnation.com,Non-binary,1,1849547608
863,Baird Daout,bdaoutny@usa.gov,Bigender,1,7534536823
864,Eloise Martinson,emartinsonnz@usatoday.com,Bigender,3,9779717480
865,Morton Huxton,mhuxtono0@aol.com,Male,1,9103287755
866,Lois Hallut,lhalluto1@wordpress.com,Non-binary,3,9867027135
867,Marianna Tracey,mtraceyo2@goo.gl,Polygender,1,7221961941
868,Allyson Biggs,abiggso3@globo.com,Polygender,3,1682417196
869,Garrett Suffe,gsuffeo4@xing.com,Agender,3,5962784712
870,Darla Acklands,dacklandso5@photobucket.com,Female,2,8572731369
871,Alicia Jerrems,ajerremso6@mit.edu,Polygender,2,9062367499
872,Melinda Coggill,mcoggillo7@hostgator.com,Genderfluid,2,8448112782
873,Selena Cottie,scottieo8@sphinn.com,Agender,1,6746248142
874,Federico Saintpierre,fsaintpierreo9@printfriendly.com,Polygender,1,4348508443
875,August Perell,aperelloa@4shared.com,Bigender,1,9227182177
876,Nani Wilder,nwilderob@mapy.cz,Genderqueer,2,4541694860
877,Selina Bartoszek,sbartoszekoc@hatena.ne.jp,Genderqueer,3,2366419206
878,Lanita Defrain,ldefrainod@howstuffworks.com,Male,1,7508624398
879,Gwenneth Churchouse,gchurchouseoe@dedecms.com,Polygender,1,4339480642
880,Joete D'Alwis,jdalwisof@ed.gov,Bigender,2,9467507646
881,Hally Wolfinger,hwolfingerog@stanford.edu,Genderfluid,3,7459945209
882,Andre Olivas,aolivasoh@bizjournals.com,Polygender,3,8139455574
883,Letizia Broadbere,lbroadbereoi@meetup.com,Female,3,2195085443
884,Johannah Larret,jlarretoj@etsy.com,Genderqueer,1,9258343553
885,Napoleon Wallbutton,nwallbuttonok@vimeo.com,Genderfluid,2,7772368638
886,Kate Goshawke,kgoshawkeol@wix.com,Genderqueer,3,3343944531
887,Jeffrey Yacob,jyacobom@reference.com,Male,2,9523164049
888,Fin Sudddard,fsudddardon@princeton.edu,Female,1,8541758691
889,Torin Willeson,twillesonoo@harvard.edu,Female,1,4776050907
890,Izaak Crapper,icrapperop@samsung.com,Polygender,1,5878882187
891,Lolly Kiloh,lkilohoq@360.cn,Genderfluid,1,3163166636
892,Harland Learoyde,hlearoydeor@tinypic.com,Polygender,2,5698982449
893,Murdoch Fearne,mfearneos@vistaprint.com,Non-binary,1,2541886873
894,Nathanial Sayles,nsaylesot@123-reg.co.uk,Agender,1,6468515905
895,Robin Pyser,rpyserou@dailymail.co.uk,Genderfluid,3,1978230381
896,Ingeborg Hof,ihofov@usatoday.com,Genderfluid,2,5959150339
897,Mia Aynscombe,maynscombeow@earthlink.net,Genderfluid,1,6826533034
898,Briny Sharpin,bsharpinox@plala.or.jp,Female,2,1641743357
899,Gina Wilsone,gwilsoneoy@ox.ac.uk,Bigender,2,5615204400
900,Lucho Illsley,lillsleyoz@jugem.jp,Genderfluid,2,2684791674
901,Clarence Manvell,cmanvellp0@stanford.edu,Bigender,2,5248178993
902,Leonhard Strowther,lstrowtherp1@google.co.uk,Polygender,2,1301157163
903,Read Towers,rtowersp2@samsung.com,Male,3,8942174818
904,Julian McIlriach,jmcilriachp3@cargocollective.com,Bigender,1,9682400571
905,Kristien Dismore,kdismorep4@ehow.com,Male,1,9086762592
906,Remington Standbridge,rstandbridgep5@sakura.ne.jp,Non-binary,3,6314923937
907,Paddy Santori,psantorip6@time.com,Female,1,1841439405
908,Margaux Alcott,malcottp7@digg.com,Non-binary,2,9411600164
909,Mathian Barwick,mbarwickp8@deliciousdays.com,Agender,3,3594450790
910,Gwyneth Emberson,gembersonp9@quantcast.com,Agender,3,9007300634
911,Saul Wealthall,swealthallpa@live.com,Agender,3,8814753212
912,Zorine Winchcum,zwinchcumpb@printfriendly.com,Genderfluid,3,5221723996
913,Romain Bernon,rbernonpc@un.org,Genderfluid,1,5345490833
914,Teresa Grigoriscu,tgrigoriscupd@ocn.ne.jp,Genderfluid,3,7232276418
915,Iggy Dowyer,idowyerpe@simplemachines.org,Non-binary,3,3309874842
916,Joice Foddy,jfoddypf@webeden.co.uk,Bigender,2,9019467401
917,Phylis Brimicombe,pbrimicombepg@unesco.org,Male,2,9079858511
918,Pollyanna Cavil,pcavilph@plala.or.jp,Male,2,1776436429
919,Aura Dene,adenepi@theguardian.com,Non-binary,1,1319944186
920,Christophe Ellcock,cellcockpj@tmall.com,Agender,1,3623934411
921,Charley Biagioni,cbiagionipk@bing.com,Non-binary,1,8798284683
922,Brittan Batkin,bbatkinpl@fda.gov,Genderqueer,1,2485443517
923,Pauletta Lazell,plazellpm@desdev.cn,Genderqueer,3,3411239656
924,Ashley Le Clercq,alepn@xrea.com,Genderfluid,2,2533252970
925,Gun Mews,gmewspo@businessinsider.com,Female,1,9732574340
926,Lenore Valeri,lvaleripp@yolasite.com,Agender,3,9735368869
927,Idette Marriott,imarriottpq@go.com,Male,1,3247641402
928,Thorn Elia,teliapr@youtube.com,Male,1,9218817912
929,Monty Braine,mbraineps@cbc.ca,Female,2,1829071772
930,Mycah Tuvey,mtuveypt@sbwire.com,Genderqueer,2,7317133456
931,Bertine Turbat,bturbatpu@aol.com,Male,2,7492567143
932,Myca Trippick,mtrippickpv@foxnews.com,Male,2,5444052931
933,Ruthanne Grigoli,rgrigolipw@rambler.ru,Polygender,2,9243768589
934,Ashly Kainz,akainzpx@tinypic.com,Genderqueer,3,6044098033
935,Lona Calver,lcalverpy@kickstarter.com,Female,3,3018022659
936,Anet Regorz,aregorzpz@twitter.com,Bigender,3,7369175453
937,Che Vignaux,cvignauxq0@cmu.edu,Non-binary,2,8948074731
938,Carie Plover,cploverq1@cloudflare.com,Agender,3,2546562896
939,Archaimbaud Maseyk,amaseykq2@businessinsider.com,Male,3,1177752505
940,Benni Barstow,bbarstowq3@jugem.jp,Genderqueer,2,2809230534
941,Morgen Disley,mdisleyq4@networksolutions.com,Female,3,2113695294
942,Nils Noot,nnootq5@ehow.com,Bigender,2,6319572969
943,Jackie Pearson,jpearsonq6@weather.com,Agender,1,4823083619
944,Naomi Osbaldeston,nosbaldestonq7@imgur.com,Male,3,2941304883
945,Zachery Coryndon,zcoryndonq8@amazon.de,Bigender,2,1634388408
946,Flossi Gerrens,fgerrensq9@ezinearticles.com,Male,2,9866574917
947,Jacob Matresse,jmatresseqa@intel.com,Genderfluid,2,1951213656
948,Consolata Laffranconi,claffranconiqb@mail.ru,Polygender,1,3759825292
949,Noll Vinau,nvinauqc@hc360.com,Bigender,1,5586868496
950,Mal Cowpland,mcowplandqd@123-reg.co.uk,Male,1,4263779605
951,Lauretta Lusher,llusherqe@ebay.co.uk,Polygender,1,9516971988
952,Yves Maxsted,ymaxstedqf@51.la,Agender,2,4799561139
953,Ginevra Bilovus,gbilovusqg@squarespace.com,Genderqueer,2,5508554040
954,Merlina McEntee,mmcenteeqh@twitter.com,Genderfluid,2,9783643163
955,Hatti Frowen,hfrowenqi@elegantthemes.com,Male,1,7436068717
956,Fiona Dunlop,fdunlopqj@naver.com,Male,2,3924218620
957,Dur Ogus,dogusqk@issuu.com,Male,2,3461856078
958,Rebe Gobel,rgobelql@hugedomains.com,Polygender,3,7957046886
959,Humfrey Mungane,hmunganeqm@csmonitor.com,Agender,2,6563250766
960,Alysa Maharg,amahargqn@yellowpages.com,Male,1,3176093015
961,Sherwynd Soutar,ssoutarqo@wsj.com,Genderqueer,3,7923000110
962,Boone MacPake,bmacpakeqp@weebly.com,Female,3,2054273814
963,Cornela Luparti,clupartiqq@bandcamp.com,Genderqueer,3,6342225273
964,Jake Bagshawe,jbagshaweqr@twitpic.com,Female,3,7227572998
965,Elliot Rumin,eruminqs@amazon.co.uk,Genderqueer,1,5932829641
966,Carly Yashunin,cyashuninqt@ed.gov,Bigender,2,3871346042
967,Alex Adamov,aadamovqu@marketwatch.com,Female,1,2055277445
968,Andrea Trunby,atrunbyqv@geocities.com,Non-binary,1,8259217622
969,Humberto Leathlay,hleathlayqw@tinyurl.com,Genderfluid,1,7101122518
970,Doe Gulberg,dgulbergqx@diigo.com,Genderfluid,1,8543409055
971,Jayson Landor,jlandorqy@ibm.com,Genderfluid,3,4546741613
972,Lauretta McAreavey,lmcareaveyqz@jigsy.com,Genderqueer,2,6825051308
973,Ina Allflatt,iallflattr0@51.la,Polygender,3,6571628202
974,Gerrilee Seedman,gseedmanr1@moonfruit.com,Polygender,2,9154144422
975,Gayle Keep,gkeepr2@princeton.edu,Agender,2,4668124455
976,Caterina Noblet,cnobletr3@vistaprint.com,Female,3,4387886573
977,Stanford Bathurst,sbathurstr4@smh.com.au,Bigender,1,4122802964
978,Gray Esland,geslandr5@acquirethisname.com,Male,3,2387203335
979,Aldridge Bayley,abayleyr6@sun.com,Male,2,9949594659
980,Daisy Callaby,dcallabyr7@china.com.cn,Male,2,9228179483
981,Clarke Rizzotto,crizzottor8@nifty.com,Female,2,3814154373
982,Myrwyn Rehm,mrehmr9@angelfire.com,Male,1,2893115132
983,Lionel Joret,ljoretra@g.co,Non-binary,1,9744927026
984,Miguelita Colyer,mcolyerrb@is.gd,Polygender,2,5165776494
985,Johnnie Oldaker,joldakerrc@macromedia.com,Genderqueer,2,3122850125
986,Johnna Regardsoe,jregardsoerd@free.fr,Female,2,9764919032
987,Ginger Brinkley,gbrinkleyre@mapquest.com,Genderfluid,2,9064856967
988,Darius Yakunin,dyakuninrf@imageshack.us,Genderfluid,1,8666700675
989,Rosette Aickin,raickinrg@twitter.com,Male,1,3873667897
990,Gaye Woolbrook,gwoolbrookrh@sfgate.com,Male,3,8823976132
991,Veda Giovannelli,vgiovannelliri@domainmarket.com,Polygender,2,2674261111
992,Jakob Stanman,jstanmanrj@pagesperso-orange.fr,Male,1,8961700836
993,Ruperto Kabisch,rkabischrk@wordpress.org,Agender,3,2343329895
994,Nellie Kitman,nkitmanrl@taobao.com,Agender,3,4265258404
995,Cross Syphus,csyphusrm@weather.com,Bigender,3,2553218676
996,Dyann Confait,dconfaitrn@ovh.net,Polygender,3,6092720103
997,Libby Gaitskell,lgaitskellro@flickr.com,Bigender,2,2034629098
998,Alexei Giacopello,agiacopellorp@mit.edu,Polygender,2,8404790610
999,Daria Caygill,dcaygillrq@xinhuanet.com,Genderqueer,3,8876133663
1000,Libbey McFater,lmcfaterrr@va.gov,Genderfluid,1,8991576655
